Session_ID,Vehicle_Type,Energy_Consumed_kWh,Start_Hour,Duration_min,Charging_Location,End_Hour
1,2W,14.39,22,174,Public,0.8999999999999986
2,2W,17.55,18,119,Swap,19.983333333333334
3,2W,7.47,12,147,Home,14.45
4,2W,3.51,7,159,Public,9.65
5,2W,24.48,12,48,Home,12.8
6,Car,18.54,11,93,Work,12.55
7,2W,6.65,14,176,Public,16.933333333333334
8,2W,16.13,5,190,Work,8.166666666666666
9,2W,13.25,0,86,Home,1.4333333333333333
10,Car,9.02,14,90,Public,15.5
11,Car,4.55,23,97,Public,0.6166666666666671
12,3W,3.49,6,169,Swap,8.816666666666666
13,Car,17.05,6,37,Home,6.616666666666667
14,2W,14.26,6,162,Public,8.7
15,2W,24.58,4,112,Public,5.866666666666667
16,2W,22.83,14,126,Public,16.1
17,2W,5.31,21,227,Swap,0.7833333333333314
18,2W,14.97,17,113,Public,18.883333333333333
19,2W,1.72,9,55,Home,9.916666666666666
20,Car,10.36,3,88,Public,4.466666666666667
21,2W,13.05,21,10,Public,21.166666666666668
22,Car,16.01,14,59,Work,14.983333333333333
23,2W,11.05,10,215,Public,13.583333333333334
24,2W,24.59,13,183,Swap,16.05
25,2W,22.56,1,163,Public,3.716666666666667
26,2W,4.0,17,15,Home,17.25
27,Car,17.22,6,91,Home,7.516666666666667
28,2W,15.56,5,118,Public,6.966666666666667
29,3W,13.61,12,89,Home,13.483333333333334
30,2W,18.91,4,182,Work,7.033333333333333
31,2W,12.54,21,36,Home,21.6
32,2W,11.15,23,213,Home,2.5500000000000007
33,2W,8.47,13,139,Home,15.316666666666666
34,2W,15.91,7,117,Swap,8.95
35,2W,1.66,5,187,Swap,8.116666666666667
36,3W,13.33,20,118,Home,21.966666666666665
37,2W,6.39,20,11,Public,20.183333333333334
38,3W,8.27,3,82,Public,4.366666666666667
39,Car,23.29,1,121,Work,3.0166666666666666
40,2W,15.28,10,113,Public,11.883333333333333
41,2W,7.32,10,176,Public,12.933333333333334
42,Car,1.99,9,143,Home,11.383333333333333
43,3W,9.95,7,234,Work,10.9
44,3W,12.4,23,188,Work,2.133333333333333
45,3W,10.56,12,54,Public,12.9
46,2W,4.13,9,212,Public,12.533333333333333
47,3W,13.3,22,227,Home,1.7833333333333314
48,Car,13.95,11,139,Public,13.316666666666666
49,2W,8.17,21,16,Public,21.266666666666666
50,2W,10.94,7,32,Public,7.533333333333333
51,2W,22.28,13,70,Home,14.166666666666666
52,2W,4.29,14,148,Public,16.46666666666667
53,2W,6.64,3,96,Home,4.6
54,2W,10.12,16,124,Home,18.066666666666666
55,2W,13.61,5,102,Home,6.7
56,2W,17.64,14,181,Public,17.016666666666666
57,2W,9.24,15,79,Home,16.316666666666666
58,Car,3.5,5,12,Home,5.2
59,2W,3.92,11,203,Public,14.383333333333333
60,3W,0.99,1,23,Home,1.3833333333333333
61,2W,14.55,9,56,Public,9.933333333333334
62,2W,7.45,12,142,Public,14.366666666666667
63,2W,14.77,15,138,Public,17.3
64,Car,15.57,22,196,Public,1.2666666666666657
65,2W,22.49,7,205,Home,10.416666666666666
66,2W,10.22,21,24,Public,21.4
67,2W,7.18,8,142,Home,10.366666666666667
68,2W,22.52,2,37,Home,2.6166666666666667
69,2W,9.69,8,218,Work,11.633333333333333
70,2W,9.05,16,97,Public,17.616666666666667
71,2W,20.28,12,26,Public,12.433333333333334
72,Car,21.99,17,165,Home,19.75
73,2W,6.56,19,193,Swap,22.21666666666667
74,2W,14.97,20,42,Home,20.7
75,2W,10.83,19,45,Home,19.75
76,Car,10.57,14,61,Home,15.016666666666666
77,Car,5.52,16,238,Home,19.96666666666667
78,2W,5.54,6,36,Swap,6.6
79,2W,11.58,21,90,Public,22.5
80,Car,21.02,5,147,Public,7.45
81,2W,24.84,16,21,Work,16.35
82,3W,17.01,2,63,Public,3.05
83,2W,20.97,12,170,Public,14.833333333333334
84,3W,3.49,15,215,Home,18.583333333333332
85,2W,15.43,9,228,Public,12.8
86,2W,7.72,5,207,Home,8.45
87,2W,18.29,3,22,Work,3.3666666666666667
88,2W,18.52,2,187,Public,5.116666666666667
89,3W,0.87,4,172,Home,6.866666666666667
90,Car,21.86,21,24,Home,21.4
91,3W,17.3,14,21,Public,14.35
92,2W,0.44,19,237,Home,22.95
93,Car,16.01,7,90,Home,8.5
94,2W,18.88,15,169,Public,17.816666666666666
95,2W,19.61,3,100,Public,4.666666666666667
96,2W,8.98,14,57,Work,14.95
97,2W,24.71,23,76,Swap,0.2666666666666657
98,2W,8.17,19,233,Public,22.883333333333333
99,2W,20.79,8,194,Home,11.233333333333334
100,2W,3.94,16,85,Home,17.416666666666668
101,2W,6.86,17,69,Home,18.15
102,3W,10.53,13,95,Home,14.583333333333334
103,2W,3.14,15,96,Public,16.6
104,3W,6.91,15,204,Public,18.4
105,2W,12.31,14,158,Home,16.633333333333333
106,Car,18.96,2,33,Work,2.55
107,Car,6.83,9,21,Swap,9.35
108,2W,22.4,9,158,Home,11.633333333333333
109,2W,17.95,6,78,Home,7.3
110,2W,9.03,13,235,Public,16.916666666666668
111,Car,1.15,2,163,Home,4.716666666666667
112,2W,22.26,11,136,Swap,13.266666666666666
113,2W,6.75,19,120,Home,21.0
114,2W,21.8,23,151,Public,1.5166666666666657
115,2W,14.61,23,27,Public,23.45
116,2W,1.43,19,156,Public,21.6
117,2W,22.2,15,34,Work,15.566666666666666
118,3W,6.27,16,27,Public,16.45
119,2W,3.28,12,84,Home,13.4
120,2W,2.77,19,35,Home,19.583333333333332
121,2W,0.75,4,13,Public,4.216666666666667
122,2W,10.3,10,170,Home,12.833333333333334
123,Car,24.59,15,13,Home,15.216666666666667
124,2W,24.34,11,223,Home,14.716666666666667
125,2W,2.54,7,182,Public,10.033333333333333
126,3W,7.09,17,157,Home,19.616666666666667
127,2W,21.71,2,34,Home,2.5666666666666664
128,2W,13.64,3,47,Home,3.783333333333333
129,2W,3.99,21,127,Public,23.116666666666667
130,2W,13.35,12,72,Swap,13.2
131,2W,0.46,7,123,Home,9.05
132,2W,23.16,2,194,Home,5.233333333333333
133,2W,12.08,15,41,Work,15.683333333333334
134,2W,17.45,2,184,Public,5.066666666666666
135,2W,18.0,22,66,Home,23.1
136,2W,15.83,23,103,Home,0.716666666666665
137,2W,6.48,20,33,Home,20.55
138,2W,21.24,19,128,Public,21.133333333333333
139,2W,0.41,2,113,Home,3.8833333333333333
140,2W,22.62,4,196,Work,7.266666666666667
141,2W,5.93,21,153,Home,23.55
142,2W,21.54,4,90,Home,5.5
143,2W,3.12,10,12,Work,10.2
144,3W,12.87,22,230,Public,1.8333333333333321
145,2W,18.87,21,221,Public,0.6833333333333336
146,2W,15.86,22,80,Work,23.333333333333332
147,2W,23.36,23,130,Home,1.1666666666666679
148,2W,12.54,0,208,Public,3.466666666666667
149,Car,6.45,5,39,Swap,5.65
150,2W,12.3,8,68,Home,9.133333333333333
151,2W,5.38,13,127,Home,15.116666666666667
152,2W,3.07,21,92,Public,22.533333333333335
153,2W,6.64,11,161,Home,13.683333333333334
154,2W,11.67,12,59,Home,12.983333333333333
155,2W,23.37,9,161,Public,11.683333333333334
156,2W,17.38,16,216,Public,19.6
157,2W,11.77,13,204,Work,16.4
158,3W,10.47,15,178,Swap,17.96666666666667
159,2W,13.91,5,60,Home,6.0
160,2W,4.92,22,222,Public,1.6999999999999993
161,2W,23.07,7,134,Home,9.233333333333334
162,2W,9.68,4,193,Public,7.216666666666667
163,2W,19.86,5,82,Work,6.366666666666667
164,2W,3.45,20,132,Home,22.2
165,2W,24.68,18,87,Public,19.45
166,2W,20.69,16,106,Work,17.766666666666666
167,2W,3.94,4,81,Work,5.35
168,3W,20.56,12,28,Public,12.466666666666667
169,Car,21.75,19,114,Public,20.9
170,2W,16.16,8,147,Public,10.45
171,2W,7.05,3,190,Public,6.166666666666666
172,2W,8.7,4,128,Public,6.133333333333333
173,2W,14.61,6,132,Home,8.2
174,2W,17.38,3,60,Swap,4.0
175,2W,3.9,5,138,Home,7.3
176,2W,4.66,14,188,Public,17.133333333333333
177,2W,14.16,10,225,Swap,13.75
178,2W,11.34,1,39,Public,1.65
179,2W,5.15,4,128,Public,6.133333333333333
180,2W,3.87,5,138,Work,7.3
181,2W,22.17,0,14,Work,0.23333333333333334
182,2W,8.32,17,67,Home,18.116666666666667
183,2W,17.75,16,161,Public,18.683333333333334
184,Car,13.65,22,142,Work,0.36666666666666714
185,2W,13.89,7,160,Home,9.666666666666666
186,2W,23.22,7,54,Public,7.9
187,2W,23.03,2,48,Home,2.8
188,2W,13.82,23,210,Public,2.5
189,3W,21.15,10,49,Public,10.816666666666666
190,Car,12.85,19,203,Home,22.383333333333333
191,2W,1.7,11,197,Home,14.283333333333333
192,2W,23.95,10,44,Public,10.733333333333333
193,2W,22.53,22,83,Home,23.383333333333333
194,2W,2.27,22,174,Public,0.8999999999999986
195,Car,14.2,12,197,Work,15.283333333333333
196,2W,9.31,4,19,Public,4.316666666666666
197,2W,11.35,21,146,Public,23.433333333333334
198,2W,1.68,3,236,Swap,6.933333333333334
199,Car,2.12,10,105,Home,11.75
200,2W,8.53,6,189,Public,9.15
201,2W,20.47,9,32,Home,9.533333333333333
202,2W,18.32,16,45,Public,16.75
203,2W,22.0,6,86,Swap,7.433333333333334
204,2W,22.14,7,82,Public,8.366666666666667
205,2W,24.51,16,163,Work,18.71666666666667
206,2W,5.3,0,199,Work,3.316666666666667
207,2W,16.15,11,85,Home,12.416666666666666
208,2W,1.1,10,173,Public,12.883333333333333
209,3W,6.08,2,142,Home,4.366666666666667
210,2W,1.9,15,26,Work,15.433333333333334
211,Car,10.75,16,41,Home,16.683333333333334
212,2W,9.52,11,151,Home,13.516666666666666
213,2W,24.66,5,65,Home,6.083333333333333
214,2W,7.9,19,66,Public,20.1
215,Car,7.31,0,98,Public,1.6333333333333333
216,Car,9.26,3,49,Home,3.8166666666666664
217,2W,21.13,2,178,Home,4.966666666666667
218,2W,18.54,0,153,Public,2.55
219,2W,0.69,21,28,Public,21.466666666666665
220,2W,4.34,1,193,Public,4.216666666666667
221,3W,5.22,18,214,Swap,21.566666666666666
222,2W,3.38,17,51,Swap,17.85
223,2W,4.08,2,59,Home,2.9833333333333334
224,2W,24.79,0,10,Swap,0.16666666666666666
225,2W,23.49,12,165,Public,14.75
226,2W,2.76,9,37,Home,9.616666666666667
227,Car,5.23,3,142,Work,5.366666666666667
228,2W,23.71,20,215,Home,23.583333333333332
229,2W,23.89,21,135,Home,23.25
230,2W,9.76,3,170,Home,5.833333333333334
231,2W,16.63,6,201,Home,9.35
232,2W,11.61,19,231,Public,22.85
233,2W,12.63,8,186,Public,11.1
234,3W,15.42,22,174,Public,0.8999999999999986
235,2W,10.99,3,139,Public,5.316666666666666
236,Car,21.64,20,227,Work,23.78333333333333
237,2W,10.18,13,89,Home,14.483333333333334
238,2W,23.61,2,238,Swap,5.966666666666667
239,2W,3.88,19,154,Work,21.566666666666666
240,3W,13.91,18,14,Home,18.233333333333334
241,2W,8.86,13,25,Public,13.416666666666666
242,3W,19.36,18,148,Public,20.46666666666667
243,2W,22.46,16,172,Public,18.866666666666667
244,2W,1.73,3,208,Home,6.466666666666667
245,Car,12.76,13,153,Swap,15.55
246,2W,15.46,2,15,Home,2.25
247,3W,13.85,17,34,Home,17.566666666666666
248,2W,23.21,3,37,Public,3.6166666666666667
249,2W,17.67,21,145,Home,23.416666666666668
250,2W,0.39,12,148,Home,14.466666666666667
251,2W,0.31,12,213,Swap,15.55
252,3W,2.18,7,56,Public,7.933333333333334
253,2W,6.37,2,138,Public,4.3
254,2W,10.0,9,166,Home,11.766666666666666
255,2W,14.89,18,192,Home,21.2
256,2W,19.8,19,231,Public,22.85
257,3W,20.52,11,68,Home,12.133333333333333
258,Car,14.52,9,146,Home,11.433333333333334
259,Car,0.59,12,228,Public,15.8
260,2W,15.64,8,141,Public,10.35
261,2W,24.68,10,89,Work,11.483333333333334
262,2W,14.24,6,52,Home,6.866666666666667
263,Car,15.28,12,67,Public,13.116666666666667
264,2W,17.73,9,158,Work,11.633333333333333
265,2W,7.49,7,10,Home,7.166666666666667
266,2W,6.67,1,70,Work,2.166666666666667
267,2W,23.76,19,151,Public,21.516666666666666
268,2W,17.4,12,196,Public,15.266666666666666
269,2W,7.77,2,170,Work,4.833333333333334
270,2W,22.39,9,216,Public,12.6
271,2W,8.12,4,163,Home,6.716666666666667
272,Car,7.56,16,84,Public,17.4
273,3W,7.33,18,10,Home,18.166666666666668
274,2W,9.24,5,110,Home,6.833333333333333
275,Car,7.47,18,78,Public,19.3
276,2W,14.68,8,221,Public,11.683333333333334
277,2W,5.72,7,196,Public,10.266666666666666
278,Car,12.51,3,87,Public,4.45
279,2W,23.8,4,67,Public,5.116666666666667
280,3W,16.0,17,18,Home,17.3
281,2W,23.13,23,149,Home,1.4833333333333343
282,Bus,11.72,20,59,Public,20.983333333333334
283,2W,11.09,18,126,Public,20.1
284,2W,22.49,16,123,Work,18.05
285,2W,22.07,18,160,Home,20.666666666666668
286,Car,4.67,9,143,Home,11.383333333333333
287,2W,19.03,17,102,Home,18.7
288,2W,16.28,18,47,Public,18.783333333333335
289,2W,5.92,2,98,Public,3.6333333333333333
290,2W,17.89,9,40,Work,9.666666666666666
291,2W,17.29,22,10,Swap,22.166666666666668
292,Car,18.72,13,53,Home,13.883333333333333
293,2W,8.3,18,42,Work,18.7
294,2W,22.7,13,162,Home,15.7
295,2W,1.46,17,178,Public,19.96666666666667
296,Car,15.84,17,13,Swap,17.216666666666665
297,2W,7.45,17,189,Swap,20.15
298,2W,8.98,8,16,Home,8.266666666666667
299,3W,18.77,22,149,Public,0.4833333333333343
300,2W,9.62,21,28,Work,21.466666666666665
301,2W,7.58,16,236,Public,19.933333333333334
302,2W,6.53,13,173,Home,15.883333333333333
303,2W,24.31,22,230,Public,1.8333333333333321
304,3W,7.52,12,15,Work,12.25
305,2W,22.67,14,108,Work,15.8
306,2W,3.25,6,17,Work,6.283333333333333
307,2W,18.68,4,42,Home,4.7
308,3W,24.75,19,12,Public,19.2
309,2W,20.36,22,149,Home,0.4833333333333343
310,2W,2.28,7,98,Home,8.633333333333333
311,Car,7.64,1,174,Home,3.9
312,2W,17.5,15,74,Home,16.233333333333334
313,2W,15.31,6,41,Home,6.683333333333334
314,2W,0.6,7,84,Home,8.4
315,2W,16.96,15,103,Home,16.716666666666665
316,2W,11.29,20,12,Public,20.2
317,Car,14.14,23,226,Public,2.7666666666666657
318,2W,20.26,0,54,Home,0.9
319,2W,22.65,1,92,Home,2.533333333333333
320,Car,22.66,3,61,Public,4.016666666666667
321,3W,10.2,5,133,Home,7.216666666666667
322,Car,8.88,4,28,Public,4.466666666666667
323,2W,8.72,13,83,Home,14.383333333333333
324,2W,8.66,12,55,Work,12.916666666666666
325,3W,1.16,13,25,Home,13.416666666666666
326,2W,19.16,22,183,Public,1.0500000000000007
327,2W,4.38,21,23,Public,21.383333333333333
328,Car,11.91,21,219,Home,0.6499999999999986
329,Car,3.77,21,203,Home,0.38333333333333286
330,2W,3.96,8,84,Public,9.4
331,2W,7.73,15,16,Swap,15.266666666666667
332,Bus,12.04,22,71,Home,23.183333333333334
333,2W,18.87,11,72,Home,12.2
334,2W,20.58,2,45,Home,2.75
335,2W,4.53,16,103,Work,17.716666666666665
336,2W,17.18,11,67,Public,12.116666666666667
337,2W,2.62,19,221,Home,22.683333333333334
338,2W,5.89,19,109,Home,20.816666666666666
339,2W,23.39,4,99,Public,5.65
340,2W,19.73,12,150,Public,14.5
341,2W,23.6,15,67,Home,16.116666666666667
342,2W,12.28,3,56,Public,3.9333333333333336
343,2W,17.66,19,146,Work,21.433333333333334
344,2W,8.3,8,201,Public,11.35
345,2W,14.93,20,156,Public,22.6
346,3W,22.66,23,25,Public,23.416666666666668
347,3W,17.09,23,189,Public,2.1499999999999986
348,2W,7.9,4,114,Work,5.9
349,2W,6.28,21,17,Work,21.283333333333335
350,2W,1.07,4,53,Work,4.883333333333333
351,2W,16.75,19,45,Work,19.75
352,2W,24.14,12,225,Home,15.75
353,2W,2.45,20,27,Public,20.45
354,2W,8.51,7,68,Home,8.133333333333333
355,2W,7.37,1,73,Home,2.216666666666667
356,Car,13.02,17,195,Work,20.25
357,2W,2.9,18,129,Home,20.15
358,Car,5.59,15,15,Swap,15.25
359,2W,10.14,20,116,Work,21.933333333333334
360,2W,23.58,8,43,Home,8.716666666666667
361,2W,0.96,10,134,Home,12.233333333333334
362,2W,4.11,5,172,Work,7.866666666666667
363,2W,24.34,15,56,Work,15.933333333333334
364,3W,16.75,9,68,Work,10.133333333333333
365,2W,11.78,0,139,Work,2.316666666666667
366,2W,5.86,17,26,Home,17.433333333333334
367,2W,11.69,2,68,Home,3.1333333333333333
368,2W,23.72,23,102,Home,0.6999999999999993
369,2W,4.53,17,45,Home,17.75
370,Car,13.28,1,131,Swap,3.183333333333333
371,3W,2.55,3,54,Swap,3.9
372,Car,14.24,19,71,Home,20.183333333333334
373,2W,21.2,7,44,Work,7.733333333333333
374,2W,11.49,17,69,Swap,18.15
375,3W,4.76,22,144,Work,0.3999999999999986
376,2W,21.0,10,38,Home,10.633333333333333
377,2W,23.26,20,88,Public,21.466666666666665
378,3W,16.09,13,218,Home,16.633333333333333
379,2W,23.22,20,73,Home,21.216666666666665
380,3W,12.28,5,173,Home,7.883333333333333
381,2W,17.28,5,169,Swap,7.816666666666666
382,2W,8.94,4,145,Public,6.416666666666666
383,2W,16.7,7,235,Public,10.916666666666666
384,3W,18.24,6,179,Swap,8.983333333333334
385,2W,14.94,23,22,Public,23.366666666666667
386,2W,5.13,8,131,Work,10.183333333333334
387,2W,3.3,4,133,Home,6.216666666666667
388,2W,15.1,20,90,Public,21.5
389,Car,23.83,1,84,Work,2.4
390,2W,22.29,6,53,Home,6.883333333333333
391,3W,8.25,0,119,Home,1.9833333333333334
392,2W,15.42,10,75,Public,11.25
393,3W,3.61,3,28,Home,3.466666666666667
394,Car,1.42,11,152,Work,13.533333333333333
395,3W,23.4,11,105,Public,12.75
396,2W,24.45,23,169,Public,1.8166666666666664
397,2W,19.66,7,171,Home,9.85
398,Bus,8.03,10,86,Work,11.433333333333334
399,3W,20.03,22,236,Home,1.9333333333333336
400,2W,15.48,23,170,Public,1.8333333333333321
401,2W,9.77,2,55,Public,2.9166666666666665
402,2W,1.3,16,42,Swap,16.7
403,2W,9.94,15,25,Public,15.416666666666666
404,2W,11.93,12,112,Home,13.866666666666667
405,2W,7.47,17,165,Home,19.75
406,2W,15.9,4,141,Swap,6.35
407,Bus,17.87,21,109,Home,22.816666666666666
408,2W,6.75,6,20,Public,6.333333333333333
409,3W,11.76,8,119,Public,9.983333333333334
410,Car,8.38,11,54,Home,11.9
411,2W,3.69,1,174,Public,3.9
412,2W,2.89,16,111,Home,17.85
413,2W,22.0,3,200,Public,6.333333333333334
414,3W,2.37,2,35,Home,2.5833333333333335
415,2W,0.79,19,210,Public,22.5
416,2W,16.83,10,191,Public,13.183333333333334
417,2W,23.74,16,126,Public,18.1
418,2W,5.92,20,89,Home,21.483333333333334
419,2W,16.71,15,229,Work,18.816666666666666
420,2W,5.62,0,31,Public,0.5166666666666667
421,2W,6.69,22,155,Work,0.5833333333333321
422,2W,6.38,1,118,Home,2.966666666666667
423,2W,5.91,13,159,Public,15.65
424,2W,24.78,19,87,Public,20.45
425,2W,4.15,9,238,Swap,12.966666666666667
426,2W,17.03,21,157,Home,23.616666666666667
427,Car,7.61,21,161,Home,23.683333333333334
428,Car,24.05,7,160,Public,9.666666666666666
429,Car,13.62,12,172,Swap,14.866666666666667
430,2W,3.34,5,208,Swap,8.466666666666667
431,2W,14.03,15,66,Swap,16.1
432,2W,2.1,6,19,Home,6.316666666666666
433,2W,1.54,10,202,Work,13.366666666666667
434,2W,19.55,20,116,Public,21.933333333333334
435,2W,4.12,16,50,Home,16.833333333333332
436,2W,8.27,22,193,Home,1.2166666666666686
437,2W,8.75,8,215,Swap,11.583333333333334
438,2W,11.27,19,216,Home,22.6
439,Car,9.89,20,201,Home,23.35
440,2W,15.71,23,228,Swap,2.8000000000000007
441,2W,7.48,22,165,Public,0.75
442,2W,3.43,19,99,Home,20.65
443,2W,10.71,16,169,Home,18.816666666666666
444,2W,4.88,17,109,Public,18.816666666666666
445,2W,11.42,7,37,Work,7.616666666666667
446,2W,16.44,6,203,Home,9.383333333333333
447,3W,21.37,17,216,Public,20.6
448,2W,9.32,8,75,Public,9.25
449,3W,21.71,13,196,Public,16.266666666666666
450,2W,21.65,12,135,Work,14.25
451,2W,20.9,17,111,Home,18.85
452,2W,7.63,6,128,Home,8.133333333333333
453,Car,21.25,11,238,Public,14.966666666666667
454,2W,21.61,12,46,Public,12.766666666666667
455,2W,9.95,22,231,Home,1.8500000000000014
456,Bus,16.05,3,90,Swap,4.5
457,2W,13.95,16,143,Work,18.383333333333333
458,2W,12.62,13,170,Home,15.833333333333334
459,2W,18.49,9,166,Home,11.766666666666666
460,2W,17.17,9,237,Public,12.95
461,2W,24.79,5,104,Home,6.733333333333333
462,2W,7.41,12,77,Work,13.283333333333333
463,2W,17.02,3,39,Swap,3.65
464,Car,14.53,12,234,Swap,15.9
465,2W,3.7,6,70,Public,7.166666666666667
466,2W,10.11,6,234,Public,9.9
467,2W,24.68,21,70,Home,22.166666666666668
468,2W,3.92,8,178,Public,10.966666666666667
469,3W,13.06,19,117,Work,20.95
470,2W,13.67,12,200,Public,15.333333333333334
471,2W,18.47,11,176,Work,13.933333333333334
472,Bus,5.7,6,27,Home,6.45
473,2W,21.5,22,206,Home,1.4333333333333336
474,Car,20.22,3,217,Home,6.616666666666667
475,2W,1.31,11,66,Work,12.1
476,2W,19.88,22,116,Home,23.933333333333334
477,2W,2.39,19,198,Home,22.3
478,2W,7.74,16,191,Home,19.183333333333334
479,2W,1.12,16,50,Public,16.833333333333332
480,Car,17.62,20,90,Home,21.5
481,3W,13.97,2,162,Home,4.7
482,2W,11.25,10,101,Public,11.683333333333334
483,Car,9.64,9,55,Home,9.916666666666666
484,2W,20.96,1,231,Public,4.85
485,2W,9.53,20,38,Work,20.633333333333333
486,2W,0.86,22,98,Public,23.633333333333333
487,2W,4.78,17,211,Home,20.516666666666666
488,2W,8.19,8,200,Public,11.333333333333334
489,2W,18.74,7,87,Home,8.45
490,2W,13.95,1,34,Public,1.5666666666666667
491,2W,14.38,23,39,Public,23.65
492,2W,5.58,19,88,Swap,20.466666666666665
493,2W,13.72,8,180,Work,11.0
494,2W,5.02,12,191,Work,15.183333333333334
495,2W,24.08,9,132,Home,11.2
496,Car,5.73,6,61,Work,7.016666666666667
497,Car,5.87,8,113,Home,9.883333333333333
498,2W,12.63,5,193,Public,8.216666666666667
499,2W,8.05,7,185,Home,10.083333333333334
500,2W,16.09,17,100,Public,18.666666666666668
501,Car,0.55,11,94,Swap,12.566666666666666
502,2W,13.07,10,212,Home,13.533333333333333
503,2W,5.91,22,216,Work,1.6000000000000014
504,Car,23.13,5,66,Home,6.1
505,Bus,24.29,0,106,Swap,1.7666666666666666
506,2W,1.38,18,30,Public,18.5
507,2W,21.22,7,152,Public,9.533333333333333
508,2W,6.74,12,95,Swap,13.583333333333334
509,2W,6.19,9,107,Public,10.783333333333333
510,Car,16.24,5,13,Swap,5.216666666666667
511,2W,19.08,7,236,Home,10.933333333333334
512,2W,22.94,12,16,Swap,12.266666666666667
513,3W,7.44,18,197,Swap,21.28333333333333
514,2W,18.22,1,136,Home,3.2666666666666666
515,2W,17.65,21,29,Swap,21.483333333333334
516,3W,14.48,13,78,Home,14.3
517,2W,13.2,10,131,Home,12.183333333333334
518,2W,15.1,6,229,Public,9.816666666666666
519,3W,22.27,1,135,Public,3.25
520,2W,20.87,4,149,Public,6.483333333333333
521,2W,10.89,23,145,Public,1.4166666666666679
522,2W,10.77,17,67,Work,18.116666666666667
523,Car,10.82,6,166,Home,8.766666666666666
524,2W,14.39,1,120,Public,3.0
525,2W,20.08,10,157,Swap,12.616666666666667
526,Car,10.19,14,42,Public,14.7
527,2W,21.54,12,53,Home,12.883333333333333
528,2W,5.24,7,55,Work,7.916666666666667
529,2W,14.35,11,35,Work,11.583333333333334
530,2W,18.1,0,81,Home,1.35
531,2W,7.42,22,225,Work,1.75
532,2W,21.49,8,157,Home,10.616666666666667
533,2W,17.71,20,182,Public,23.03333333333333
534,2W,8.35,15,53,Swap,15.883333333333333
535,Car,20.62,0,87,Public,1.45
536,Car,0.47,0,211,Work,3.5166666666666666
537,2W,20.93,5,100,Home,6.666666666666667
538,2W,22.68,1,194,Home,4.233333333333333
539,2W,12.23,9,167,Public,11.783333333333333
540,Bus,19.73,3,30,Home,3.5
541,2W,10.74,11,57,Home,11.95
542,2W,23.96,22,66,Public,23.1
543,Car,3.74,13,229,Home,16.816666666666666
544,2W,8.93,14,137,Home,16.28333333333333
545,2W,19.36,3,26,Public,3.4333333333333336
546,3W,9.87,13,189,Work,16.15
547,Car,6.92,10,150,Public,12.5
548,2W,2.55,15,211,Swap,18.516666666666666
549,2W,14.5,11,27,Public,11.45
550,2W,17.47,0,33,Work,0.55
551,2W,0.6,5,217,Home,8.616666666666667
552,3W,14.05,19,51,Home,19.85
553,3W,6.0,0,95,Home,1.5833333333333333
554,2W,21.31,21,20,Swap,21.333333333333332
555,Car,14.24,18,231,Public,21.85
556,2W,15.46,8,232,Home,11.866666666666667
557,2W,18.48,13,92,Public,14.533333333333333
558,2W,24.44,8,199,Public,11.316666666666666
559,2W,10.52,8,31,Home,8.516666666666667
560,2W,18.47,19,94,Home,20.566666666666666
561,2W,6.08,21,51,Home,21.85
562,3W,15.39,17,95,Public,18.583333333333332
563,2W,15.62,7,231,Work,10.85
564,Car,19.37,3,101,Public,4.683333333333334
565,2W,16.74,10,75,Home,11.25
566,2W,23.92,4,35,Home,4.583333333333333
567,2W,21.2,17,22,Public,17.366666666666667
568,2W,15.96,3,144,Public,5.4
569,2W,20.75,23,143,Swap,1.3833333333333329
570,2W,14.76,0,67,Home,1.1166666666666667
571,3W,0.89,1,114,Home,2.9
572,2W,16.48,9,117,Home,10.95
573,2W,20.96,12,162,Home,14.7
574,2W,19.82,18,174,Public,20.9
575,Car,23.78,2,130,Work,4.166666666666666
576,3W,8.57,12,173,Public,14.883333333333333
577,Car,19.99,23,157,Home,1.6166666666666671
578,2W,11.52,2,208,Public,5.466666666666667
579,3W,12.67,17,53,Work,17.883333333333333
580,3W,19.44,7,239,Work,10.983333333333334
581,2W,7.47,10,197,Home,13.283333333333333
582,2W,22.94,19,195,Public,22.25
583,Car,8.11,2,125,Swap,4.083333333333334
584,Car,16.56,4,86,Home,5.433333333333334
585,Car,13.97,1,181,Public,4.016666666666667
586,2W,11.95,15,40,Public,15.666666666666666
587,2W,6.96,18,49,Home,18.816666666666666
588,2W,23.15,3,213,Swap,6.55
589,2W,7.28,18,162,Home,20.7
590,2W,15.76,18,38,Home,18.633333333333333
591,3W,7.64,8,20,Public,8.333333333333334
592,Car,10.78,15,32,Home,15.533333333333333
593,2W,9.75,0,177,Public,2.95
594,Car,13.85,16,39,Home,16.65
595,2W,8.49,21,147,Home,23.45
596,2W,20.77,11,13,Home,11.216666666666667
597,2W,2.87,19,110,Public,20.833333333333332
598,2W,8.16,20,52,Public,20.866666666666667
599,2W,13.48,1,35,Home,1.5833333333333335
600,2W,18.56,19,86,Public,20.433333333333334
601,2W,23.82,7,185,Home,10.083333333333334
602,2W,9.67,18,141,Public,20.35
603,2W,0.71,12,181,Home,15.016666666666666
604,2W,2.77,5,137,Public,7.283333333333333
605,Car,10.3,6,225,Work,9.75
606,2W,1.02,16,46,Public,16.766666666666666
607,2W,12.06,1,182,Home,4.033333333333333
608,2W,16.8,3,84,Work,4.4
609,2W,12.88,11,73,Public,12.216666666666667
610,2W,18.07,7,75,Public,8.25
611,2W,13.23,16,165,Public,18.75
612,2W,8.53,15,58,Public,15.966666666666667
613,2W,14.99,18,180,Public,21.0
614,2W,7.43,8,88,Work,9.466666666666667
615,2W,14.99,1,37,Public,1.6166666666666667
616,3W,15.59,22,74,Public,23.233333333333334
617,2W,12.43,9,163,Public,11.716666666666667
618,2W,20.11,19,167,Work,21.78333333333333
619,Car,16.99,15,230,Home,18.833333333333332
620,2W,14.19,13,111,Swap,14.85
621,2W,9.33,19,178,Home,21.96666666666667
622,2W,13.45,7,15,Home,7.25
623,2W,6.42,13,147,Home,15.45
624,2W,22.36,17,215,Work,20.583333333333332
625,2W,8.77,8,213,Swap,11.55
626,Car,16.1,10,134,Public,12.233333333333334
627,Car,1.83,0,52,Work,0.8666666666666667
628,2W,20.74,2,129,Home,4.15
629,2W,11.37,7,208,Home,10.466666666666667
630,2W,14.31,23,22,Public,23.366666666666667
631,2W,12.93,17,101,Public,18.683333333333334
632,2W,12.15,2,167,Swap,4.783333333333333
633,Car,13.67,8,63,Swap,9.05
634,Car,16.78,0,50,Public,0.8333333333333334
635,2W,13.52,9,111,Home,10.85
636,2W,11.45,23,136,Home,1.2666666666666657
637,2W,17.9,19,198,Home,22.3
638,2W,1.47,21,175,Home,23.916666666666668
639,2W,10.57,3,146,Home,5.433333333333334
640,Car,7.75,6,222,Public,9.7
641,2W,12.69,9,152,Public,11.533333333333333
642,2W,21.25,9,215,Home,12.583333333333334
643,2W,11.84,6,114,Home,7.9
644,2W,7.71,20,15,Home,20.25
645,Car,23.75,20,213,Home,23.55
646,3W,14.05,11,228,Home,14.8
647,2W,2.86,13,28,Swap,13.466666666666667
648,2W,8.2,0,194,Home,3.2333333333333334
649,2W,10.43,5,26,Home,5.433333333333334
650,2W,23.22,2,214,Public,5.566666666666666
651,2W,21.25,19,125,Public,21.083333333333332
652,2W,11.85,6,111,Home,7.85
653,3W,21.26,21,24,Public,21.4
654,2W,8.17,18,20,Home,18.333333333333332
655,2W,16.72,21,24,Public,21.4
656,2W,4.17,3,219,Home,6.65
657,Car,22.43,14,204,Public,17.4
658,2W,12.4,10,229,Public,13.816666666666666
659,2W,5.33,13,130,Swap,15.166666666666666
660,2W,14.07,12,201,Home,15.35
661,2W,23.88,15,232,Home,18.866666666666667
662,2W,17.33,0,87,Work,1.45
663,Car,19.82,19,12,Public,19.2
664,2W,19.07,16,80,Home,17.333333333333332
665,Car,16.2,14,221,Home,17.683333333333334
666,Car,13.5,2,119,Home,3.9833333333333334
667,2W,15.05,9,110,Public,10.833333333333334
668,2W,23.21,18,34,Public,18.566666666666666
669,2W,0.38,13,30,Public,13.5
670,2W,17.66,17,12,Public,17.2
671,2W,23.25,2,126,Public,4.1
672,2W,21.64,2,115,Home,3.916666666666667
673,2W,23.99,16,228,Home,19.8
674,2W,3.08,14,125,Home,16.083333333333332
675,2W,2.92,9,166,Home,11.766666666666666
676,Car,24.25,12,189,Public,15.15
677,2W,14.96,2,68,Home,3.1333333333333333
678,2W,2.33,14,74,Home,15.233333333333334
679,2W,13.72,13,84,Public,14.4
680,2W,5.39,12,72,Home,13.2
681,2W,23.53,11,104,Home,12.733333333333334
682,Car,20.21,12,102,Public,13.7
683,3W,0.35,14,134,Public,16.233333333333334
684,2W,23.03,10,127,Work,12.116666666666667
685,2W,0.54,8,182,Public,11.033333333333333
686,2W,21.37,3,155,Public,5.583333333333334
687,2W,17.48,3,98,Home,4.633333333333333
688,Car,9.59,12,191,Public,15.183333333333334
689,2W,14.16,12,106,Home,13.766666666666666
690,Car,16.37,12,65,Public,13.083333333333334
691,3W,15.14,10,23,Public,10.383333333333333
692,Car,10.6,12,97,Home,13.616666666666667
693,Car,11.49,5,14,Public,5.233333333333333
694,Car,20.43,6,152,Public,8.533333333333333
695,2W,23.26,15,147,Public,17.45
696,2W,0.5,16,97,Home,17.616666666666667
697,2W,7.48,5,33,Home,5.55
698,2W,17.58,23,71,Home,0.18333333333333357
699,2W,12.59,12,28,Public,12.466666666666667
700,2W,22.84,19,59,Home,19.983333333333334
701,2W,12.47,8,53,Work,8.883333333333333
702,2W,12.1,14,134,Public,16.233333333333334
703,2W,14.76,23,55,Public,23.916666666666668
704,Car,9.07,8,153,Public,10.55
705,3W,2.03,17,104,Home,18.733333333333334
706,3W,20.09,16,71,Work,17.183333333333334
707,2W,0.41,13,70,Home,14.166666666666666
708,Car,15.13,19,50,Home,19.833333333333332
709,Bus,20.81,7,231,Home,10.85
710,2W,17.62,11,126,Public,13.1
711,2W,17.76,14,180,Home,17.0
712,2W,9.61,20,217,Public,23.616666666666667
713,2W,4.7,0,237,Home,3.95
714,3W,4.96,7,182,Public,10.033333333333333
715,2W,24.66,6,76,Public,7.266666666666667
716,2W,14.73,1,113,Home,2.8833333333333333
717,Car,23.31,23,42,Home,23.7
718,2W,21.93,1,184,Work,4.066666666666666
719,Car,9.03,17,187,Swap,20.116666666666667
720,2W,0.98,16,196,Work,19.266666666666666
721,2W,9.82,10,65,Swap,11.083333333333334
722,2W,4.34,13,45,Public,13.75
723,Car,17.33,7,204,Home,10.4
724,2W,24.96,16,156,Public,18.6
725,Car,11.82,15,228,Swap,18.8
726,2W,23.88,18,123,Home,20.05
727,2W,6.7,15,85,Work,16.416666666666668
728,Car,13.75,14,217,Home,17.616666666666667
729,Car,3.81,16,114,Home,17.9
730,2W,16.07,20,172,Home,22.866666666666667
731,2W,2.25,9,204,Home,12.4
732,2W,16.64,19,186,Work,22.1
733,3W,9.7,2,19,Home,2.3166666666666664
734,2W,11.96,10,151,Public,12.516666666666666
735,2W,15.61,12,221,Public,15.683333333333334
736,2W,2.58,19,239,Public,22.983333333333334
737,2W,23.92,7,163,Home,9.716666666666667
738,2W,18.22,12,80,Home,13.333333333333334
739,2W,4.51,0,49,Home,0.8166666666666667
740,2W,24.26,22,40,Swap,22.666666666666668
741,2W,8.57,14,87,Home,15.45
742,2W,21.24,12,22,Public,12.366666666666667
743,2W,14.55,18,218,Public,21.633333333333333
744,2W,19.38,6,107,Home,7.783333333333333
745,Car,2.8,13,226,Home,16.766666666666666
746,2W,15.84,11,60,Swap,12.0
747,2W,3.59,0,121,Public,2.0166666666666666
748,2W,10.95,10,19,Work,10.316666666666666
749,2W,19.11,3,167,Public,5.783333333333333
750,2W,15.01,11,143,Public,13.383333333333333
751,2W,2.83,15,98,Home,16.633333333333333
752,2W,17.67,13,50,Swap,13.833333333333334
753,2W,16.11,18,11,Swap,18.183333333333334
754,Car,11.87,4,185,Public,7.083333333333334
755,Car,4.87,2,83,Public,3.3833333333333333
756,2W,17.08,5,174,Home,7.9
757,2W,23.58,7,69,Home,8.15
758,Bus,1.77,9,114,Work,10.9
759,Bus,15.54,4,190,Public,7.166666666666666
760,2W,21.28,6,230,Public,9.833333333333334
761,2W,11.98,14,70,Home,15.166666666666666
762,2W,5.68,13,23,Public,13.383333333333333
763,2W,21.69,9,166,Home,11.766666666666666
764,2W,18.2,11,98,Home,12.633333333333333
765,2W,10.57,4,130,Home,6.166666666666666
766,Car,24.65,14,47,Swap,14.783333333333333
767,2W,13.38,8,103,Public,9.716666666666667
768,2W,14.22,4,179,Home,6.983333333333333
769,Car,19.26,10,40,Work,10.666666666666666
770,Car,16.19,4,37,Public,4.616666666666667
771,2W,9.91,9,182,Home,12.033333333333333
772,3W,12.1,16,239,Home,19.983333333333334
773,2W,18.21,13,16,Swap,13.266666666666667
774,Car,0.53,10,48,Home,10.8
775,2W,4.22,2,121,Public,4.016666666666667
776,2W,9.87,23,12,Public,23.2
777,2W,12.83,14,72,Public,15.2
778,2W,7.15,2,198,Home,5.3
779,2W,21.49,10,22,Home,10.366666666666667
780,2W,22.69,4,47,Work,4.783333333333333
781,Car,12.98,19,172,Swap,21.866666666666667
782,3W,2.91,23,81,Work,0.3500000000000014
783,2W,2.47,5,174,Public,7.9
784,2W,11.39,19,218,Swap,22.633333333333333
785,2W,8.15,12,104,Public,13.733333333333334
786,Car,3.38,22,205,Home,1.4166666666666679
787,2W,14.8,12,205,Home,15.416666666666666
788,2W,20.66,19,98,Work,20.633333333333333
789,Car,19.93,9,199,Work,12.316666666666666
790,Car,19.94,20,171,Home,22.85
791,2W,18.42,17,79,Work,18.316666666666666
792,2W,15.88,2,99,Public,3.65
793,Car,3.01,15,161,Home,17.683333333333334
794,3W,10.4,2,24,Public,2.4
795,3W,5.81,16,163,Home,18.71666666666667
796,Car,0.89,11,92,Home,12.533333333333333
797,2W,18.48,18,169,Home,20.816666666666666
798,2W,21.86,1,67,Home,2.1166666666666667
799,Car,23.75,10,147,Home,12.45
800,2W,19.39,20,192,Home,23.2
801,3W,18.55,6,114,Home,7.9
802,2W,6.94,17,164,Swap,19.733333333333334
803,2W,22.83,21,79,Public,22.316666666666666
804,2W,18.81,5,123,Swap,7.05
805,2W,18.19,1,124,Public,3.066666666666667
806,2W,13.73,12,229,Home,15.816666666666666
807,2W,23.35,16,83,Work,17.383333333333333
808,3W,23.82,1,151,Work,3.5166666666666666
809,2W,20.22,18,119,Public,19.983333333333334
810,2W,10.45,23,64,Public,0.06666666666666643
811,2W,21.84,1,168,Public,3.8
812,2W,6.02,8,192,Work,11.2
813,2W,1.45,17,71,Home,18.183333333333334
814,2W,14.09,11,151,Home,13.516666666666666
815,2W,18.68,18,71,Home,19.183333333333334
816,2W,24.03,0,37,Home,0.6166666666666667
817,2W,19.25,8,116,Home,9.933333333333334
818,2W,8.8,5,229,Work,8.816666666666666
819,2W,13.18,14,238,Home,17.96666666666667
820,2W,6.47,12,180,Public,15.0
821,2W,1.83,11,175,Swap,13.916666666666666
822,2W,4.29,17,41,Public,17.683333333333334
823,2W,8.87,3,53,Public,3.8833333333333333
824,2W,24.81,23,206,Home,2.4333333333333336
825,2W,6.01,18,30,Public,18.5
826,2W,7.53,23,102,Home,0.6999999999999993
827,2W,24.69,11,15,Swap,11.25
828,2W,4.72,0,153,Public,2.55
829,Car,18.92,1,15,Swap,1.25
830,2W,23.89,20,17,Swap,20.283333333333335
831,2W,24.64,8,141,Home,10.35
832,2W,17.7,13,199,Swap,16.316666666666666
833,Bus,17.41,16,27,Home,16.45
834,2W,17.01,5,75,Home,6.25
835,2W,5.04,12,134,Home,14.233333333333334
836,2W,6.84,8,191,Public,11.183333333333334
837,2W,5.49,3,121,Home,5.016666666666667
838,3W,3.72,7,232,Public,10.866666666666667
839,2W,17.08,23,167,Home,1.7833333333333314
840,2W,13.15,9,174,Swap,11.9
841,2W,7.67,21,137,Swap,23.28333333333333
842,2W,12.97,21,104,Public,22.733333333333334
843,2W,5.95,0,181,Work,3.0166666666666666
844,2W,21.74,13,48,Home,13.8
845,2W,13.89,7,86,Public,8.433333333333334
846,3W,15.12,1,156,Work,3.6
847,Car,23.98,12,123,Home,14.05
848,2W,21.55,0,38,Home,0.6333333333333333
849,2W,20.38,9,50,Public,9.833333333333334
850,2W,11.04,10,238,Home,13.966666666666667
851,3W,10.05,1,212,Home,4.533333333333333
852,Bus,0.65,5,48,Work,5.8
853,2W,18.72,18,152,Home,20.53333333333333
854,2W,21.46,3,94,Public,4.566666666666666
855,2W,23.4,2,45,Home,2.75
856,3W,7.22,3,130,Public,5.166666666666666
857,2W,2.12,23,39,Home,23.65
858,2W,22.52,9,153,Public,11.55
859,Car,10.49,15,108,Public,16.8
860,2W,20.09,23,222,Home,2.6999999999999993
861,2W,8.88,19,51,Home,19.85
862,2W,0.8,11,56,Public,11.933333333333334
863,Bus,5.29,11,49,Home,11.816666666666666
864,2W,21.36,15,47,Swap,15.783333333333333
865,Bus,21.44,1,50,Home,1.8333333333333335
866,2W,15.74,18,147,Home,20.45
867,3W,2.05,11,56,Work,11.933333333333334
868,2W,11.74,12,171,Public,14.85
869,2W,15.03,7,35,Public,7.583333333333333
870,2W,19.59,3,135,Work,5.25
871,Bus,8.0,18,218,Public,21.633333333333333
872,2W,17.92,14,26,Home,14.433333333333334
873,Car,1.21,19,200,Home,22.333333333333332
874,3W,18.02,20,187,Work,23.116666666666667
875,Car,8.03,8,177,Home,10.95
876,2W,6.43,10,197,Home,13.283333333333333
877,3W,10.4,7,164,Home,9.733333333333334
878,2W,11.95,16,104,Work,17.733333333333334
879,2W,11.22,14,146,Home,16.433333333333334
880,Car,7.03,19,174,Public,21.9
881,Car,9.64,23,54,Home,23.9
882,2W,13.64,21,224,Public,0.7333333333333343
883,3W,3.86,13,52,Home,13.866666666666667
884,3W,0.9,5,142,Public,7.366666666666667
885,2W,17.86,14,21,Public,14.35
886,2W,17.25,0,67,Public,1.1166666666666667
887,2W,14.15,2,235,Public,5.916666666666666
888,Car,24.08,4,49,Swap,4.816666666666666
889,Car,13.66,19,26,Public,19.433333333333334
890,Car,0.9,1,54,Public,1.9
891,Car,14.99,22,139,Home,0.31666666666666643
892,2W,1.24,0,143,Public,2.3833333333333333
893,2W,5.59,21,194,Work,0.23333333333333428
894,2W,21.02,6,161,Home,8.683333333333334
895,3W,20.94,19,234,Home,22.9
896,3W,24.43,17,228,Home,20.8
897,2W,12.28,10,50,Home,10.833333333333334
898,2W,1.63,3,207,Public,6.45
899,2W,1.16,11,95,Public,12.583333333333334
900,2W,23.78,12,169,Public,14.816666666666666
901,3W,1.57,8,118,Public,9.966666666666667
902,2W,7.87,22,72,Public,23.2
903,2W,10.4,22,46,Home,22.766666666666666
904,2W,14.25,4,129,Home,6.15
905,2W,6.33,0,118,Public,1.9666666666666666
906,2W,23.54,15,207,Public,18.45
907,2W,17.84,13,76,Work,14.266666666666666
908,2W,17.2,12,37,Public,12.616666666666667
909,2W,10.86,4,116,Home,5.933333333333334
910,2W,11.7,17,118,Public,18.966666666666665
911,2W,3.44,9,83,Home,10.383333333333333
912,2W,11.65,15,224,Public,18.733333333333334
913,2W,0.96,1,136,Home,3.2666666666666666
914,2W,22.79,7,134,Home,9.233333333333334
915,2W,18.54,22,192,Public,1.1999999999999993
916,2W,11.2,9,77,Public,10.283333333333333
917,2W,16.5,6,85,Home,7.416666666666667
918,2W,23.62,9,14,Public,9.233333333333333
919,2W,5.36,8,83,Work,9.383333333333333
920,2W,8.92,6,198,Swap,9.3
921,2W,23.92,23,209,Public,2.4833333333333343
922,Car,23.85,20,24,Public,20.4
923,2W,4.87,11,64,Work,12.066666666666666
924,Car,5.48,18,171,Swap,20.85
925,2W,23.9,5,117,Home,6.95
926,2W,1.1,4,81,Home,5.35
927,2W,21.29,17,99,Home,18.65
928,Car,15.25,11,116,Public,12.933333333333334
929,2W,14.77,16,37,Public,16.616666666666667
930,3W,21.7,0,186,Home,3.1
931,2W,9.26,13,89,Work,14.483333333333334
932,2W,12.1,10,106,Public,11.766666666666666
933,Car,20.1,19,216,Home,22.6
934,2W,12.68,16,208,Public,19.46666666666667
935,2W,13.03,20,73,Home,21.216666666666665
936,2W,1.02,11,87,Work,12.45
937,Car,7.37,18,234,Home,21.9
938,Bus,21.84,22,233,Swap,1.8833333333333329
939,2W,12.91,16,90,Home,17.5
940,2W,12.74,19,39,Public,19.65
941,2W,7.04,1,83,Work,2.3833333333333333
942,2W,6.21,5,65,Public,6.083333333333333
943,2W,15.49,9,119,Home,10.983333333333334
944,2W,23.16,3,126,Public,5.1
945,3W,16.66,2,77,Home,3.283333333333333
946,2W,7.23,18,112,Work,19.866666666666667
947,2W,13.74,22,51,Public,22.85
948,2W,19.34,21,101,Public,22.683333333333334
949,Bus,6.63,16,17,Public,16.283333333333335
950,3W,7.4,11,204,Home,14.4
951,3W,20.59,20,96,Swap,21.6
952,2W,8.88,20,163,Swap,22.71666666666667
953,Car,4.03,8,216,Swap,11.6
954,2W,7.2,12,213,Swap,15.55
955,2W,24.84,16,122,Home,18.03333333333333
956,2W,22.54,17,68,Work,18.133333333333333
957,Car,24.39,11,48,Public,11.8
958,3W,18.98,9,50,Home,9.833333333333334
959,2W,6.37,15,189,Public,18.15
960,2W,3.07,4,68,Work,5.133333333333333
961,Car,20.0,0,190,Public,3.1666666666666665
962,2W,10.58,23,51,Public,23.85
963,2W,19.04,20,125,Work,22.083333333333332
964,Car,6.77,19,222,Public,22.7
965,Car,24.76,1,84,Public,2.4
966,2W,19.08,8,143,Public,10.383333333333333
967,2W,22.51,10,187,Work,13.116666666666667
968,Car,14.19,13,139,Home,15.316666666666666
969,3W,4.85,20,101,Home,21.683333333333334
970,2W,7.68,9,82,Public,10.366666666666667
971,2W,10.9,11,93,Home,12.55
972,2W,4.09,13,160,Home,15.666666666666666
973,2W,23.51,8,147,Public,10.45
974,Car,2.17,4,177,Public,6.95
975,2W,8.18,1,162,Home,3.7
976,Bus,24.51,18,78,Home,19.3
977,3W,0.49,3,59,Home,3.9833333333333334
978,2W,12.37,10,206,Public,13.433333333333334
979,2W,1.73,9,76,Home,10.266666666666666
980,Car,7.16,5,112,Home,6.866666666666667
981,3W,4.12,4,100,Public,5.666666666666667
982,2W,13.83,18,233,Public,21.883333333333333
983,2W,16.09,22,138,Public,0.3000000000000007
984,Car,16.11,10,17,Home,10.283333333333333
985,2W,21.73,13,202,Work,16.366666666666667
986,3W,8.65,18,169,Home,20.816666666666666
987,2W,12.32,14,111,Work,15.85
988,Car,13.08,23,230,Public,2.833333333333332
989,2W,20.76,1,139,Public,3.316666666666667
990,2W,24.5,22,224,Work,1.7333333333333343
991,2W,6.52,20,25,Swap,20.416666666666668
992,2W,18.72,10,80,Work,11.333333333333334
993,3W,10.58,6,154,Home,8.566666666666666
994,Car,5.19,15,129,Work,17.15
995,Car,14.48,7,206,Work,10.433333333333334
996,2W,22.72,18,126,Work,20.1
997,Car,15.45,17,156,Public,19.6
998,2W,4.65,0,102,Public,1.7
999,2W,3.02,8,43,Work,8.716666666666667
1000,Car,22.24,7,107,Home,8.783333333333333
1001,2W,10.31,15,170,Public,17.833333333333332
1002,2W,16.76,22,193,Public,1.2166666666666686
1003,2W,16.67,15,89,Home,16.483333333333334
1004,Car,7.72,11,201,Public,14.35
1005,2W,5.31,0,216,Home,3.6
1006,2W,12.68,22,20,Home,22.333333333333332
1007,2W,24.02,21,14,Home,21.233333333333334
1008,2W,9.87,18,59,Work,18.983333333333334
1009,2W,24.19,18,166,Public,20.766666666666666
1010,2W,1.24,6,101,Work,7.683333333333334
1011,3W,10.09,20,222,Public,23.7
1012,2W,14.87,4,219,Home,7.65
1013,Car,0.69,3,207,Home,6.45
1014,2W,10.83,13,108,Public,14.8
1015,2W,9.42,12,80,Public,13.333333333333334
1016,Car,13.61,18,178,Public,20.96666666666667
1017,3W,8.86,7,55,Home,7.916666666666667
1018,2W,8.13,14,41,Work,14.683333333333334
1019,2W,12.16,11,25,Home,11.416666666666666
1020,3W,23.25,20,26,Public,20.433333333333334
1021,Car,16.69,17,127,Home,19.116666666666667
1022,Car,22.21,14,136,Work,16.266666666666666
1023,2W,20.31,14,172,Home,16.866666666666667
1024,2W,13.36,17,142,Home,19.366666666666667
1025,2W,11.56,19,206,Home,22.433333333333334
1026,2W,16.9,12,157,Home,14.616666666666667
1027,2W,10.88,5,218,Home,8.633333333333333
1028,Car,5.2,6,198,Work,9.3
1029,2W,17.5,22,233,Public,1.8833333333333329
1030,2W,21.8,14,218,Public,17.633333333333333
1031,2W,7.86,15,193,Home,18.21666666666667
1032,Car,14.14,13,17,Home,13.283333333333333
1033,2W,4.73,20,185,Public,23.083333333333332
1034,2W,10.92,21,70,Work,22.166666666666668
1035,3W,21.74,17,153,Home,19.55
1036,2W,21.64,6,27,Public,6.45
1037,3W,7.74,8,225,Public,11.75
1038,2W,4.16,16,89,Home,17.483333333333334
1039,Car,16.16,18,218,Public,21.633333333333333
1040,Car,5.63,12,91,Public,13.516666666666666
1041,3W,8.27,15,112,Home,16.866666666666667
1042,2W,17.4,7,31,Work,7.516666666666667
1043,Car,6.59,16,203,Work,19.383333333333333
1044,2W,9.24,19,27,Work,19.45
1045,2W,20.34,23,126,Home,1.1000000000000014
1046,2W,16.98,23,237,Swap,2.9499999999999993
1047,2W,13.22,22,63,Public,23.05
1048,2W,24.63,5,140,Public,7.333333333333334
1049,2W,3.52,6,97,Work,7.616666666666667
1050,2W,12.9,6,131,Public,8.183333333333334
1051,2W,24.9,11,147,Work,13.45
1052,Bus,16.58,8,143,Home,10.383333333333333
1053,3W,24.55,0,102,Public,1.7
1054,2W,0.97,21,67,Public,22.116666666666667
1055,Car,10.11,0,134,Public,2.2333333333333334
1056,2W,10.25,7,232,Work,10.866666666666667
1057,2W,20.61,2,92,Home,3.533333333333333
1058,2W,12.52,19,175,Public,21.916666666666668
1059,2W,3.5,0,20,Work,0.3333333333333333
1060,2W,14.67,9,86,Work,10.433333333333334
1061,2W,14.49,5,152,Swap,7.533333333333333
1062,2W,9.09,1,99,Public,2.65
1063,2W,13.86,20,136,Home,22.266666666666666
1064,2W,9.63,13,109,Public,14.816666666666666
1065,2W,15.77,10,73,Home,11.216666666666667
1066,Car,23.81,1,99,Home,2.65
1067,2W,14.56,11,64,Home,12.066666666666666
1068,2W,8.39,4,58,Public,4.966666666666667
1069,2W,21.01,5,158,Home,7.633333333333333
1070,Car,12.57,11,155,Home,13.583333333333334
1071,Car,11.51,17,225,Swap,20.75
1072,2W,3.48,18,40,Home,18.666666666666668
1073,2W,17.89,2,118,Swap,3.966666666666667
1074,Car,3.52,16,87,Swap,17.45
1075,2W,17.55,4,183,Public,7.05
1076,2W,9.3,12,150,Home,14.5
1077,2W,17.61,10,32,Swap,10.533333333333333
1078,2W,2.19,11,107,Public,12.783333333333333
1079,2W,16.47,22,232,Work,1.8666666666666671
1080,2W,14.32,11,124,Home,13.066666666666666
1081,2W,15.01,18,201,Home,21.35
1082,2W,9.06,15,131,Home,17.183333333333334
1083,3W,9.16,12,117,Home,13.95
1084,Car,6.05,20,136,Public,22.266666666666666
1085,2W,16.53,7,192,Public,10.2
1086,Car,9.47,12,58,Work,12.966666666666667
1087,2W,11.24,10,179,Swap,12.983333333333334
1088,2W,16.59,22,31,Public,22.516666666666666
1089,Car,19.52,13,152,Work,15.533333333333333
1090,2W,5.85,14,81,Home,15.35
1091,2W,16.3,4,130,Public,6.166666666666666
1092,2W,23.63,23,155,Home,1.5833333333333321
1093,3W,7.43,14,45,Home,14.75
1094,2W,4.2,15,225,Public,18.75
1095,2W,22.02,19,222,Home,22.7
1096,2W,21.02,9,112,Public,10.866666666666667
1097,2W,19.67,13,219,Home,16.65
1098,2W,24.62,22,237,Public,1.9499999999999993
1099,2W,16.23,11,79,Home,12.316666666666666
1100,Car,6.27,7,167,Swap,9.783333333333333
1101,2W,24.01,18,91,Home,19.516666666666666
1102,2W,0.41,23,228,Home,2.8000000000000007
1103,Bus,8.65,15,84,Swap,16.4
1104,2W,17.77,0,47,Home,0.7833333333333333
1105,2W,14.2,21,196,Work,0.2666666666666657
1106,Car,14.61,18,143,Work,20.383333333333333
1107,Car,3.38,6,180,Home,9.0
1108,2W,22.12,13,167,Public,15.783333333333333
1109,2W,0.5,14,211,Public,17.516666666666666
1110,2W,3.79,13,123,Public,15.05
1111,3W,13.6,11,21,Home,11.35
1112,2W,2.17,3,63,Home,4.05
1113,2W,21.2,21,163,Public,23.71666666666667
1114,2W,24.74,4,16,Home,4.266666666666667
1115,2W,12.19,6,38,Home,6.633333333333333
1116,2W,14.8,1,22,Work,1.3666666666666667
1117,2W,15.43,15,116,Home,16.933333333333334
1118,Bus,12.59,7,85,Home,8.416666666666666
1119,2W,8.77,12,161,Work,14.683333333333334
1120,2W,23.6,13,228,Home,16.8
1121,2W,5.02,11,12,Home,11.2
1122,Car,20.43,7,41,Public,7.683333333333334
1123,2W,13.63,11,104,Public,12.733333333333334
1124,2W,0.79,1,52,Work,1.8666666666666667
1125,2W,15.92,7,196,Home,10.266666666666666
1126,2W,18.68,8,142,Work,10.366666666666667
1127,2W,18.79,22,71,Home,23.183333333333334
1128,2W,20.95,13,87,Home,14.45
1129,Car,13.29,1,128,Public,3.1333333333333333
1130,2W,2.16,23,97,Public,0.6166666666666671
1131,2W,5.71,15,125,Public,17.083333333333332
1132,2W,22.67,4,14,Home,4.233333333333333
1133,3W,6.67,22,192,Public,1.1999999999999993
1134,Car,19.23,3,106,Swap,4.766666666666667
1135,2W,17.21,13,199,Public,16.316666666666666
1136,2W,3.27,23,157,Public,1.6166666666666671
1137,2W,16.77,23,36,Home,23.6
1138,Car,22.28,2,160,Home,4.666666666666666
1139,2W,20.82,19,81,Public,20.35
1140,2W,0.6,9,133,Home,11.216666666666667
1141,3W,16.21,23,32,Home,23.533333333333335
1142,2W,11.95,4,206,Home,7.433333333333334
1143,2W,7.96,0,203,Home,3.3833333333333333
1144,Car,8.08,0,66,Work,1.1
1145,3W,3.59,14,203,Swap,17.383333333333333
1146,2W,22.01,19,16,Work,19.266666666666666
1147,2W,23.06,13,119,Public,14.983333333333334
1148,2W,17.66,15,133,Public,17.21666666666667
1149,2W,19.41,2,183,Work,5.05
1150,2W,2.49,8,97,Work,9.616666666666667
1151,2W,18.12,8,32,Public,8.533333333333333
1152,Car,19.65,9,80,Swap,10.333333333333334
1153,2W,7.94,9,203,Public,12.383333333333333
1154,2W,5.17,19,69,Public,20.15
1155,2W,2.74,10,114,Home,11.9
1156,2W,6.64,4,67,Home,5.116666666666667
1157,2W,9.65,15,15,Swap,15.25
1158,Car,2.81,12,127,Public,14.116666666666667
1159,Car,3.35,21,182,Work,0.03333333333333144
1160,Bus,7.85,18,136,Work,20.266666666666666
1161,2W,9.97,23,224,Swap,2.7333333333333343
1162,2W,15.7,4,56,Public,4.933333333333334
1163,2W,10.78,2,56,Work,2.9333333333333336
1164,2W,2.91,15,221,Home,18.683333333333334
1165,2W,19.49,20,111,Public,21.85
1166,3W,2.21,20,101,Swap,21.683333333333334
1167,2W,23.07,20,178,Swap,22.96666666666667
1168,2W,9.11,8,175,Public,10.916666666666666
1169,2W,14.92,0,163,Home,2.716666666666667
1170,Car,0.59,19,196,Home,22.266666666666666
1171,2W,7.38,8,175,Public,10.916666666666666
1172,2W,5.21,8,95,Home,9.583333333333334
1173,2W,20.79,1,38,Home,1.6333333333333333
1174,2W,3.48,10,110,Swap,11.833333333333334
1175,Car,8.5,12,232,Public,15.866666666666667
1176,2W,2.16,19,116,Home,20.933333333333334
1177,Car,8.04,6,120,Home,8.0
1178,Car,19.36,22,168,Home,0.8000000000000007
1179,2W,11.34,8,11,Public,8.183333333333334
1180,2W,12.26,18,88,Home,19.466666666666665
1181,Car,3.33,20,157,Home,22.616666666666667
1182,3W,4.61,1,158,Home,3.6333333333333333
1183,2W,19.32,23,208,Work,2.4666666666666686
1184,2W,10.81,22,26,Work,22.433333333333334
1185,3W,20.15,1,121,Home,3.0166666666666666
1186,2W,23.22,12,212,Home,15.533333333333333
1187,Car,7.29,23,188,Public,2.133333333333333
1188,3W,11.38,6,45,Public,6.75
1189,2W,9.37,16,116,Public,17.933333333333334
1190,Car,16.32,18,213,Work,21.55
1191,2W,20.34,18,121,Home,20.016666666666666
1192,2W,19.56,15,11,Home,15.183333333333334
1193,Bus,22.56,20,119,Home,21.983333333333334
1194,2W,8.49,5,128,Work,7.133333333333333
1195,2W,23.41,5,122,Public,7.033333333333333
1196,2W,19.85,2,45,Home,2.75
1197,2W,6.92,10,225,Public,13.75
1198,2W,20.3,7,201,Home,10.35
1199,2W,8.16,17,192,Swap,20.2
1200,2W,22.27,19,196,Home,22.266666666666666
1201,2W,9.27,10,120,Home,12.0
1202,Car,17.09,17,80,Work,18.333333333333332
1203,2W,3.86,23,42,Work,23.7
1204,2W,9.73,9,218,Public,12.633333333333333
1205,Car,14.32,2,189,Swap,5.15
1206,2W,17.16,9,27,Home,9.45
1207,Car,15.15,23,77,Home,0.283333333333335
1208,2W,0.64,12,115,Public,13.916666666666666
1209,Car,5.76,4,22,Home,4.366666666666666
1210,2W,16.79,9,131,Home,11.183333333333334
1211,2W,2.31,16,215,Public,19.583333333333332
1212,Car,16.55,0,150,Public,2.5
1213,2W,17.12,5,83,Work,6.383333333333333
1214,2W,16.07,1,60,Home,2.0
1215,2W,3.0,10,141,Home,12.35
1216,2W,10.6,7,49,Work,7.816666666666666
1217,2W,8.81,21,120,Public,23.0
1218,2W,10.47,12,38,Work,12.633333333333333
1219,2W,6.57,8,157,Public,10.616666666666667
1220,3W,15.45,14,215,Public,17.583333333333332
1221,2W,17.32,11,139,Home,13.316666666666666
1222,2W,24.53,2,177,Public,4.95
1223,2W,4.72,18,231,Work,21.85
1224,2W,20.46,8,161,Public,10.683333333333334
1225,2W,2.95,18,45,Public,18.75
1226,2W,1.32,12,87,Public,13.45
1227,Car,15.76,12,33,Public,12.55
1228,2W,15.53,6,146,Work,8.433333333333334
1229,2W,22.93,16,181,Home,19.016666666666666
1230,3W,15.7,11,188,Work,14.133333333333333
1231,2W,9.49,0,114,Home,1.9
1232,Car,5.06,10,139,Work,12.316666666666666
1233,2W,17.4,21,225,Public,0.75
1234,3W,21.74,22,74,Work,23.233333333333334
1235,2W,21.51,23,164,Public,1.7333333333333343
1236,2W,10.92,14,70,Public,15.166666666666666
1237,2W,8.52,23,35,Work,23.583333333333332
1238,2W,10.12,10,23,Work,10.383333333333333
1239,2W,11.44,22,90,Work,23.5
1240,2W,14.19,11,92,Work,12.533333333333333
1241,3W,15.47,12,220,Public,15.666666666666666
1242,2W,14.03,19,167,Public,21.78333333333333
1243,2W,10.54,13,184,Home,16.066666666666666
1244,Car,10.53,18,141,Swap,20.35
1245,Car,5.56,19,170,Work,21.833333333333332
1246,2W,11.45,6,11,Home,6.183333333333334
1247,2W,4.97,7,160,Swap,9.666666666666666
1248,3W,9.38,17,49,Public,17.816666666666666
1249,2W,23.35,1,214,Work,4.566666666666666
1250,3W,18.87,23,45,Public,23.75
1251,2W,17.15,5,39,Public,5.65
1252,3W,22.35,15,167,Home,17.78333333333333
1253,3W,18.54,9,130,Home,11.166666666666666
1254,Car,22.79,12,185,Public,15.083333333333334
1255,2W,11.37,0,78,Swap,1.3
1256,2W,10.52,5,222,Home,8.7
1257,3W,3.33,22,232,Home,1.8666666666666671
1258,2W,21.98,1,27,Home,1.45
1259,2W,12.27,2,118,Work,3.966666666666667
1260,Car,10.58,4,180,Home,7.0
1261,Car,4.53,15,224,Swap,18.733333333333334
1262,Car,9.24,21,217,Public,0.6166666666666671
1263,2W,10.59,1,189,Public,4.15
1264,2W,11.51,7,192,Home,10.2
1265,2W,13.27,14,22,Home,14.366666666666667
1266,2W,12.25,10,74,Public,11.233333333333334
1267,2W,4.22,2,57,Public,2.95
1268,3W,14.19,5,13,Work,5.216666666666667
1269,2W,3.89,7,20,Public,7.333333333333333
1270,2W,9.59,20,235,Home,23.916666666666668
1271,2W,11.9,13,117,Home,14.95
1272,2W,10.15,0,13,Public,0.21666666666666667
1273,Car,8.42,8,100,Work,9.666666666666666
1274,2W,10.92,14,119,Public,15.983333333333334
1275,3W,18.03,16,44,Work,16.733333333333334
1276,2W,16.28,8,116,Home,9.933333333333334
1277,2W,18.79,2,124,Home,4.066666666666666
1278,Car,24.54,17,82,Home,18.366666666666667
1279,2W,11.73,9,137,Public,11.283333333333333
1280,3W,8.72,12,208,Home,15.466666666666667
1281,3W,6.0,1,38,Public,1.6333333333333333
1282,2W,1.06,0,104,Home,1.7333333333333334
1283,2W,1.06,4,122,Public,6.033333333333333
1284,2W,20.07,10,85,Home,11.416666666666666
1285,2W,2.85,22,143,Swap,0.38333333333333286
1286,2W,22.29,20,63,Public,21.05
1287,2W,16.06,15,154,Home,17.566666666666666
1288,3W,6.6,7,154,Home,9.566666666666666
1289,3W,24.95,14,209,Work,17.483333333333334
1290,Car,5.56,4,174,Public,6.9
1291,2W,10.13,23,93,Home,0.5500000000000007
1292,2W,5.72,9,129,Public,11.15
1293,2W,16.59,22,117,Home,23.95
1294,2W,23.28,2,197,Home,5.283333333333333
1295,Car,20.59,0,94,Home,1.5666666666666667
1296,2W,16.56,16,183,Swap,19.05
1297,2W,0.95,21,125,Home,23.083333333333332
1298,Car,13.49,4,102,Public,5.7
1299,2W,19.78,6,166,Work,8.766666666666666
1300,Car,3.71,5,22,Home,5.366666666666666
1301,2W,12.34,11,162,Swap,13.7
1302,2W,17.16,1,164,Home,3.7333333333333334
1303,Car,6.85,5,78,Home,6.3
1304,Car,7.31,22,14,Home,22.233333333333334
1305,Car,17.77,5,215,Swap,8.583333333333334
1306,2W,20.82,17,230,Home,20.833333333333332
1307,Car,12.08,1,220,Public,4.666666666666666
1308,2W,8.73,23,27,Public,23.45
1309,2W,22.35,15,33,Public,15.55
1310,2W,14.53,2,29,Home,2.4833333333333334
1311,2W,12.07,14,106,Work,15.766666666666666
1312,2W,7.66,10,200,Home,13.333333333333334
1313,2W,15.81,10,16,Public,10.266666666666667
1314,2W,11.11,0,13,Home,0.21666666666666667
1315,2W,21.59,12,163,Home,14.716666666666667
1316,2W,7.89,13,224,Work,16.733333333333334
1317,2W,3.83,8,132,Public,10.2
1318,Car,7.44,2,129,Public,4.15
1319,2W,1.47,3,127,Home,5.116666666666667
1320,2W,18.58,15,94,Public,16.566666666666666
1321,2W,18.33,10,234,Home,13.9
1322,2W,14.82,11,171,Swap,13.85
1323,2W,1.69,12,51,Public,12.85
1324,2W,11.48,10,23,Home,10.383333333333333
1325,Car,6.33,7,232,Home,10.866666666666667
1326,Car,11.44,2,23,Home,2.3833333333333333
1327,2W,15.71,10,208,Swap,13.466666666666667
1328,2W,6.47,8,161,Home,10.683333333333334
1329,2W,12.32,23,102,Public,0.6999999999999993
1330,2W,20.84,20,47,Public,20.783333333333335
1331,3W,17.25,23,114,Swap,0.8999999999999986
1332,2W,12.16,1,58,Swap,1.9666666666666668
1333,3W,8.17,23,236,Work,2.9333333333333336
1334,2W,7.71,6,236,Swap,9.933333333333334
1335,2W,10.71,22,183,Home,1.0500000000000007
1336,3W,21.86,17,229,Home,20.816666666666666
1337,3W,20.08,21,78,Home,22.3
1338,2W,22.78,21,106,Work,22.766666666666666
1339,2W,6.25,1,42,Swap,1.7
1340,2W,4.21,6,185,Home,9.083333333333334
1341,2W,17.71,9,172,Work,11.866666666666667
1342,3W,6.8,11,50,Swap,11.833333333333334
1343,3W,22.66,12,190,Public,15.166666666666666
1344,3W,4.5,6,194,Public,9.233333333333334
1345,2W,2.75,2,204,Work,5.4
1346,2W,19.17,15,215,Home,18.583333333333332
1347,2W,12.69,4,211,Public,7.516666666666667
1348,2W,18.84,19,69,Public,20.15
1349,3W,5.12,17,39,Public,17.65
1350,2W,5.45,18,231,Work,21.85
1351,2W,17.12,1,170,Home,3.8333333333333335
1352,2W,6.47,8,56,Home,8.933333333333334
1353,Car,8.0,5,169,Public,7.816666666666666
1354,3W,1.37,5,88,Public,6.466666666666667
1355,3W,22.47,22,149,Work,0.4833333333333343
1356,2W,20.16,4,26,Public,4.433333333333334
1357,Car,4.0,6,227,Public,9.783333333333333
1358,2W,11.63,14,202,Home,17.366666666666667
1359,2W,16.73,20,56,Home,20.933333333333334
1360,2W,24.45,18,42,Swap,18.7
1361,2W,2.72,20,24,Swap,20.4
1362,3W,19.3,17,155,Home,19.583333333333332
1363,2W,22.94,20,101,Public,21.683333333333334
1364,2W,23.57,9,198,Home,12.3
1365,2W,3.41,10,77,Work,11.283333333333333
1366,2W,5.31,7,107,Public,8.783333333333333
1367,3W,14.99,15,235,Public,18.916666666666668
1368,2W,17.36,13,193,Home,16.21666666666667
1369,Bus,13.82,7,206,Home,10.433333333333334
1370,Car,13.06,2,199,Swap,5.316666666666666
1371,Car,24.75,22,98,Public,23.633333333333333
1372,2W,18.79,4,21,Home,4.35
1373,2W,17.4,6,55,Public,6.916666666666667
1374,3W,16.95,9,63,Home,10.05
1375,2W,12.73,0,88,Public,1.4666666666666666
1376,Car,15.28,10,222,Public,13.7
1377,2W,2.38,16,66,Public,17.1
1378,2W,18.69,15,69,Home,16.15
1379,3W,10.3,7,198,Public,10.3
1380,2W,12.64,10,237,Swap,13.95
1381,2W,24.71,3,91,Work,4.516666666666667
1382,2W,14.89,9,192,Home,12.2
1383,2W,2.96,7,57,Public,7.95
1384,2W,16.53,10,23,Public,10.383333333333333
1385,2W,2.56,7,179,Home,9.983333333333334
1386,2W,21.27,6,221,Public,9.683333333333334
1387,3W,24.26,11,201,Home,14.35
1388,2W,17.7,20,129,Public,22.15
1389,2W,7.55,13,141,Swap,15.35
1390,3W,24.71,0,199,Public,3.316666666666667
1391,2W,17.96,6,213,Home,9.55
1392,Bus,7.75,22,141,Public,0.3500000000000014
1393,Car,9.85,19,137,Public,21.28333333333333
1394,2W,11.44,4,176,Public,6.933333333333334
1395,3W,6.57,14,41,Swap,14.683333333333334
1396,2W,6.07,16,192,Home,19.2
1397,3W,21.7,13,120,Home,15.0
1398,2W,17.82,12,83,Home,13.383333333333333
1399,Car,4.36,5,42,Public,5.7
1400,2W,20.07,1,226,Swap,4.766666666666667
1401,Car,5.77,6,215,Swap,9.583333333333334
1402,3W,5.41,8,186,Home,11.1
1403,2W,2.6,9,42,Home,9.7
1404,2W,21.31,14,230,Home,17.833333333333332
1405,2W,4.83,7,217,Home,10.616666666666667
1406,2W,7.53,14,165,Swap,16.75
1407,Car,11.55,6,68,Home,7.133333333333333
1408,2W,14.97,8,198,Public,11.3
1409,Car,7.44,23,34,Public,23.566666666666666
1410,3W,10.43,23,83,Home,0.38333333333333286
1411,Car,4.03,19,87,Public,20.45
1412,Bus,3.06,23,40,Public,23.666666666666668
1413,2W,10.1,16,76,Public,17.266666666666666
1414,2W,15.28,1,62,Home,2.033333333333333
1415,2W,20.11,16,156,Home,18.6
1416,2W,22.61,11,214,Work,14.566666666666666
1417,2W,23.01,14,41,Home,14.683333333333334
1418,2W,21.28,6,42,Home,6.7
1419,2W,15.82,1,59,Public,1.9833333333333334
1420,2W,7.41,2,27,Public,2.45
1421,2W,4.14,3,220,Home,6.666666666666666
1422,2W,17.82,3,78,Work,4.3
1423,2W,9.34,13,102,Home,14.7
1424,2W,21.12,22,19,Public,22.316666666666666
1425,Car,11.98,7,22,Home,7.366666666666666
1426,2W,1.78,19,71,Home,20.183333333333334
1427,2W,5.06,2,62,Public,3.033333333333333
1428,2W,4.36,20,138,Public,22.3
1429,2W,22.76,2,45,Public,2.75
1430,2W,17.68,16,232,Public,19.866666666666667
1431,2W,23.57,21,23,Public,21.383333333333333
1432,2W,24.25,7,103,Public,8.716666666666667
1433,3W,13.87,14,54,Public,14.9
1434,3W,16.43,21,84,Work,22.4
1435,Car,24.19,12,96,Public,13.6
1436,2W,18.59,7,110,Home,8.833333333333334
1437,2W,6.24,10,38,Swap,10.633333333333333
1438,2W,23.84,13,144,Work,15.4
1439,2W,6.39,22,86,Home,23.433333333333334
1440,2W,12.94,9,47,Home,9.783333333333333
1441,2W,5.26,17,230,Work,20.833333333333332
1442,2W,21.39,16,200,Public,19.333333333333332
1443,Car,16.87,14,134,Swap,16.233333333333334
1444,2W,3.3,7,43,Public,7.716666666666667
1445,2W,14.4,16,187,Work,19.116666666666667
1446,2W,15.27,11,21,Public,11.35
1447,2W,2.6,16,31,Work,16.516666666666666
1448,2W,4.17,20,62,Public,21.033333333333335
1449,2W,19.01,13,101,Public,14.683333333333334
1450,2W,3.3,1,78,Public,2.3
1451,3W,4.72,7,184,Public,10.066666666666666
1452,2W,2.59,6,40,Home,6.666666666666667
1453,Car,1.36,14,74,Public,15.233333333333334
1454,3W,2.38,12,225,Work,15.75
1455,2W,17.02,15,70,Work,16.166666666666668
1456,Bus,4.18,12,111,Work,13.85
1457,2W,22.68,10,71,Home,11.183333333333334
1458,Car,2.86,6,68,Public,7.133333333333333
1459,2W,22.33,18,197,Work,21.28333333333333
1460,2W,19.15,2,190,Home,5.166666666666666
1461,2W,5.5,4,39,Home,4.65
1462,2W,9.13,20,90,Public,21.5
1463,2W,18.41,18,188,Public,21.133333333333333
1464,2W,20.65,6,188,Swap,9.133333333333333
1465,3W,3.65,8,204,Public,11.4
1466,2W,3.47,16,149,Public,18.483333333333334
1467,Car,6.98,15,175,Public,17.916666666666668
1468,Car,10.61,10,147,Work,12.45
1469,2W,2.93,13,139,Public,15.316666666666666
1470,2W,17.71,1,77,Public,2.283333333333333
1471,2W,11.75,8,207,Work,11.45
1472,2W,14.67,4,41,Public,4.683333333333334
1473,Car,3.5,14,70,Public,15.166666666666666
1474,Bus,1.83,11,100,Home,12.666666666666666
1475,2W,12.41,21,161,Public,23.683333333333334
1476,2W,23.34,17,145,Home,19.416666666666668
1477,2W,16.59,22,135,Home,0.25
1478,3W,18.25,21,58,Swap,21.966666666666665
1479,Car,19.99,23,96,Home,0.6000000000000014
1480,2W,22.88,3,125,Home,5.083333333333334
1481,2W,13.86,2,98,Home,3.6333333333333333
1482,Car,8.69,15,150,Swap,17.5
1483,2W,2.37,15,203,Work,18.383333333333333
1484,Car,19.97,4,136,Public,6.266666666666667
1485,2W,6.78,23,78,Swap,0.3000000000000007
1486,2W,4.29,20,225,Public,23.75
1487,2W,0.44,18,170,Work,20.833333333333332
1488,Car,0.57,5,53,Home,5.883333333333333
1489,2W,23.86,0,80,Public,1.3333333333333333
1490,2W,23.24,7,171,Home,9.85
1491,2W,1.64,20,45,Home,20.75
1492,2W,1.19,3,188,Swap,6.133333333333333
1493,2W,16.46,5,92,Swap,6.533333333333333
1494,2W,9.23,21,186,Home,0.10000000000000142
1495,2W,0.85,13,218,Home,16.633333333333333
1496,2W,14.95,13,126,Work,15.1
1497,Car,23.94,15,107,Public,16.783333333333335
1498,2W,4.49,16,159,Home,18.65
1499,3W,17.91,4,123,Home,6.05
1500,2W,3.16,16,140,Home,18.333333333333332
